episode,total_reward,termination_reason
1,244.3641040438391,Destination Reached
2,244.3640319884591,Destination Reached
3,244.36401392080657,Destination Reached
4,244.3638213767067,Destination Reached
5,244.36397970873128,Destination Reached
6,244.36409331340016,Destination Reached
7,244.364112799498,Destination Reached
8,244.36370860890534,Destination Reached
9,244.36408586882763,Destination Reached
10,244.3642155892667,Destination Reached
