episode,total_reward,termination_reason
1,56.72254158086255,Collision
2,63.86112413315254,Off Road
3,56.72241880353229,Collision
4,63.86091447607154,Off Road
5,56.72252856761083,Collision
6,63.86099857854106,Off Road
7,56.72241415041371,Collision
8,63.86098522256525,Off Road
9,56.72240745736464,Collision
10,63.86125485974851,Off Road
