episode,total_reward,termination_reason
1,60.54963566550937,Collision
2,60.77117203864408,Collision
3,60.77109519474462,Collision
4,60.77115236541171,Collision
5,60.77119314920013,Collision
6,60.771130597293464,Collision
7,60.77109090966965,Collision
8,60.77106589413317,Collision
9,60.77108091677128,Collision
10,60.7712001880755,Collision
