episode,total_reward,termination_reason
1,273.86361220375386,Off Road
2,273.8635817391635,Off Road
3,273.8636753242144,Off Road
4,273.86369331385794,Off Road
5,273.8635987071424,Off Road
6,273.86366112553037,Off Road
7,273.86377242322357,Off Road
8,273.8636460730411,Off Road
9,273.86366211242836,Off Road
10,273.863662775084,Off Road
