episode,total_reward,termination_reason
1,36.77591993667578,Collision
2,36.775727695099974,Collision
3,36.775859145475486,Collision
4,36.775632576316895,Collision
5,36.775887107155484,Collision
6,36.63420290325547,Collision
7,36.77567679970378,Collision
8,36.7755463881761,Collision
9,36.77590786620706,Collision
10,36.775700941695966,Collision
