episode,total_reward,termination_reason
1,43.3678500502312,Collision
2,43.368004953138446,Collision
3,43.32498433812372,Collision
4,43.3677882563435,Collision
5,43.36779679203847,Collision
6,43.36776015831994,Collision
7,43.36778249020139,Collision
8,43.3679074886318,Collision
9,43.367807639752854,Collision
10,43.367825648677474,Collision
