episode,total_reward,termination_reason
1,224.14480020512968,Collision
2,224.1451171046861,Collision
3,224.14408909540956,Collision
4,224.14455089555767,Collision
5,224.1440019125484,Collision
6,224.14421294249428,Collision
7,224.1450848613193,Collision
8,224.14506225284683,Collision
9,224.14423618127697,Collision
10,224.14500451896103,Collision
