episode,total_reward,termination_reason
1,64.87843681112909,Collision
2,64.87279161608697,Collision
3,64.8727520890467,Collision
4,64.87280557964857,Collision
5,64.87278565641425,Collision
6,64.87265514723745,Collision
7,64.87266828341062,Collision
8,64.87267550433313,Collision
9,64.87277865040213,Collision
10,64.87268933967144,Collision
