episode,total_reward,termination_reason
1,54.250849568145675,Collision
2,54.14868673753162,Collision
3,54.14862047811941,Collision
4,54.148686450418914,Collision
5,54.14872396654738,Collision
6,54.14869846840565,Collision
7,54.14864486788681,Collision
8,54.14874156712344,Collision
9,54.14856482831327,Collision
10,54.148673688717466,Collision
