episode,total_reward,termination_reason
1,37.00091289111214,Collision
2,37.00104158773687,Collision
3,37.00085014131993,Collision
4,37.00089000286111,Collision
5,37.00079108976944,Collision
6,37.00087568985683,Collision
7,37.000835533274085,Collision
8,37.000730596331195,Collision
9,37.000939807861606,Collision
10,37.00074325347134,Collision
