episode,total_reward,termination_reason
1,37.0348292314785,Collision
2,37.03505320104205,Collision
3,37.03469626399103,Collision
4,37.034996873294496,Collision
5,37.034922746324646,Collision
6,37.03508568754681,Collision
7,37.03520013507282,Collision
8,37.035152006531376,Collision
9,37.03490281460877,Collision
10,37.034840303429164,Collision
