episode,total_reward,termination_reason
1,247.65941229729194,Off Road
2,247.65967383628458,Off Road
3,247.6597255861557,Off Road
4,247.65981532826797,Off Road
5,247.6947668741544,Off Road
6,247.65969529805668,Off Road
7,247.65982551018166,Off Road
8,247.69473593560454,Off Road
9,247.6593608917597,Off Road
10,247.6599404846299,Off Road
