,timesteps,rewards,duration
0,4096,0.011400195160271298,0:02:08.229506
1,8192,0.013390975691648488,0:04:29.263548
2,12288,0.015888484999206698,0:06:35.059809
3,16384,0.02289933513829151,0:09:00.028246
4,20480,0.030987915682323952,0:11:22.193166
5,24576,0.03657643595418991,0:13:39.923653
6,28672,0.047026348957987185,0:15:46.522216
7,32768,0.06302633523430856,0:17:53.053059
8,36864,0.07787163928346619,0:20:04.228040
9,40960,0.0911739948944934,0:22:18.616826
10,45056,0.11644283260375698,0:24:32.979531
11,49152,0.127346790090618,0:26:49.680234
12,53248,0.16511138278371007,0:29:16.980289
13,57344,0.1657743329517416,0:31:44.302040
14,61440,0.22162185669581902,0:34:13.049582
15,65536,0.1532011677693106,0:36:25.837205
16,69632,0.26000208992331864,0:38:54.558834
17,73728,0.2699778789535152,0:41:24.583388
18,77824,0.28518416782974043,0:43:46.039492
19,81920,0.32889186143688676,0:46:08.434636
20,86016,0.3142693353650259,0:48:24.402857
21,90112,0.29607397672860714,0:50:54.543550
22,94208,0.3422523444762646,0:53:22.506869
23,98304,0.3671891488433232,0:55:52.348366
24,102400,0.37598431155046796,0:58:22.655946
