episode,total_reward,termination_reason
1,158.01907267443087,Off Road
2,158.01903747123347,Off Road
3,158.01901160329794,Off Road
4,158.01905619425187,Off Road
5,158.01899771168812,Off Road
6,158.0190209672783,Off Road
7,158.01906477098262,Off Road
8,158.01899800470633,Off Road
9,158.01900403404855,Off Road
10,158.01904895650782,Off Road
