episode,total_reward,termination_reason
1,47.3419745926851,Off Road
2,47.74197263319449,Off Road
3,47.74251033036891,Off Road
4,47.74294173331405,Off Road
5,47.74214524179597,Off Road
6,49.030817467092824,Collision
7,47.74463940644803,Off Road
8,49.02803298420372,Collision
9,47.74230499965176,Off Road
10,47.74234435097126,Off Road
