episode,total_reward,termination_reason
1,53.60052294009772,Off Road
2,55.00644367051611,Off Road
3,55.006688094088965,Off Road
4,55.00712639382427,Off Road
5,54.99280196625433,Off Road
6,54.99260231733165,Off Road
7,55.007018756502475,Off Road
8,55.006475843960274,Off Road
9,55.00644041002444,Off Road
10,55.00667884246856,Off Road
