episode,total_reward,termination_reason
1,268.12950828405934,Off Road
2,268.12949523746323,Off Road
3,268.12952719074826,Off Road
4,268.1295953559355,Off Road
5,268.1295418256234,Off Road
6,268.12959937468594,Off Road
7,268.1295599172965,Off Road
8,268.12958620903413,Off Road
9,268.1295474677421,Off Road
10,268.12951091977067,Off Road
