episode,total_reward,termination_reason
1,38.44688628734441,Collision
2,38.44709528533212,Collision
3,38.446773103741506,Collision
4,38.446671887049554,Collision
5,38.446651146914824,Collision
6,38.44724869231475,Collision
7,38.447178497600746,Collision
8,38.44725891918346,Collision
9,38.44693244690799,Collision
10,38.44712180058686,Collision
