episode,total_reward,termination_reason
1,37.72982549295368,Collision
2,37.72907498085898,Collision
3,37.719019905632095,Collision
4,37.71944876371056,Collision
5,37.71935464565684,Collision
6,37.71972970959432,Collision
7,37.71949951000883,Collision
8,37.719733352410806,Collision
9,37.72023433811015,Collision
10,37.8252619109721,Collision
