episode,total_reward,termination_reason
1,65.7197514503229,Collision
2,65.71989742448694,Collision
3,65.71959368170947,Collision
4,65.71986986097656,Collision
5,65.71967580539533,Collision
6,65.7196934806126,Collision
7,65.71977708330978,Collision
8,65.71975031824212,Collision
9,65.71963851712738,Collision
10,65.71987495203854,Collision
