episode,total_reward,termination_reason
1,56.936524841632036,Collision
2,56.9358600165829,Collision
3,56.936150283522224,Collision
4,56.9361205540134,Collision
5,56.93586460609426,Collision
6,56.93588271586907,Collision
7,56.93598045128016,Collision
8,56.93581418157032,Collision
9,56.935898415539256,Collision
10,56.935942086926296,Collision
