episode,total_reward,termination_reason
1,38.42923142021975,Collision
2,38.42917698883336,Collision
3,38.429188227830934,Collision
4,38.429208181404846,Collision
5,38.42921651387994,Collision
6,38.42915198331344,Collision
7,38.42915603519537,Collision
8,38.429168491197736,Collision
9,38.4292166044344,Collision
10,38.429128688765346,Collision
