episode,total_reward,termination_reason
1,38.58745148167344,Collision
2,38.587420319400394,Collision
3,38.58744295770066,Collision
4,38.58746816245164,Collision
5,38.58744450639234,Collision
6,38.587498729459504,Collision
7,38.58740475317837,Collision
8,38.587403833894335,Collision
9,38.58741316573795,Collision
10,38.58739727033655,Collision
