episode,total_reward,termination_reason
1,277.1311583935367,Collision
2,277.1311727738259,Collision
3,277.1312286332044,Collision
4,277.13121335823064,Collision
5,277.1311144386234,Collision
6,277.1312252612092,Collision
7,277.13122611496823,Collision
8,277.13126778187603,Collision
9,277.1312117215044,Collision
10,277.1312665027486,Collision
