episode,total_reward,termination_reason
1,53.257661017250584,Off Road
2,53.25767964457655,Off Road
3,53.257660912963374,Off Road
4,53.257653768409696,Off Road
5,53.2576722227629,Off Road
6,53.257653783684475,Off Road
7,53.257660910193515,Off Road
8,53.25765339732531,Off Road
9,53.25766851662576,Off Road
10,53.25765308586706,Off Road
