episode,total_reward,termination_reason
1,47.53400441281134,Collision
2,47.51848060269502,Collision
3,47.518565695625014,Collision
4,47.51848712254774,Collision
5,47.51846089158723,Collision
6,47.51857284241303,Collision
7,47.518549658678424,Collision
8,47.51853359072731,Collision
9,47.51846859737859,Collision
10,47.51852769483113,Collision
