episode,total_reward,termination_reason
1,53.93411356676641,Collision
2,54.02344411544045,Collision
3,54.02338579419759,Collision
4,54.02343870653004,Collision
5,54.023406132462,Collision
6,54.02336154361704,Collision
7,54.02348637999096,Collision
8,54.02331034371026,Collision
9,54.023396316501014,Collision
10,54.02343241383102,Collision
