episode,total_reward,termination_reason
1,53.2339803349434,Off Road
2,53.23398050330419,Off Road
3,53.2339809647767,Off Road
4,53.233981000690676,Off Road
5,53.233981289373986,Off Road
6,53.23398096507387,Off Road
7,53.23398096609688,Off Road
8,53.23398097113083,Off Road
9,53.23398096732544,Off Road
10,53.233980335238485,Off Road
