episode,total_reward,termination_reason
1,45.12134680335488,Collision
2,45.12136736930918,Collision
3,45.1210930631504,Collision
4,45.121183989125015,Collision
5,45.12150081021617,Collision
6,45.12018349229777,Collision
7,45.121323895558305,Collision
8,45.11300565243146,Collision
9,45.11298418781771,Collision
10,45.11288346779739,Collision
