episode,total_reward,termination_reason
1,56.418549418927306,Collision
2,56.40884600127063,Collision
3,56.41822594563009,Collision
4,56.41919800157839,Collision
5,56.41930904343215,Collision
6,56.41850052225949,Collision
7,56.41820729799295,Collision
8,56.41863318835457,Collision
9,56.41889107985949,Collision
10,56.41934083442932,Collision
