episode,total_reward,termination_reason
1,194.6991082407695,Collision
2,194.6990865318188,Collision
3,194.6990822632861,Collision
4,194.69917783524184,Collision
5,194.69912998182053,Collision
6,194.6991182683013,Collision
7,194.69913893124104,Collision
8,194.69911865080846,Collision
9,194.6991180254237,Collision
10,194.69912734009898,Collision
