episode,total_reward,termination_reason
1,48.80977675828663,Collision
2,48.81484771207415,Collision
3,48.81485012489489,Collision
4,48.8148305640088,Collision
5,48.814898513623696,Collision
6,48.81485120136343,Collision
7,48.814886531506325,Collision
8,48.81488435065364,Collision
9,48.81483870080686,Collision
10,48.8148308547584,Collision
