episode,total_reward,termination_reason
1,54.167091950069924,Collision
2,54.11030004239873,Collision
3,54.1102996214944,Collision
4,54.110289582025146,Collision
5,54.11027868426485,Collision
6,54.11021606721098,Collision
7,54.11031335233205,Collision
8,54.11032366178093,Collision
9,54.11022272486223,Collision
10,54.1102704871259,Collision
