episode,total_reward,termination_reason
1,44.42063230145834,Collision
2,44.42063621725617,Collision
3,44.5333820740121,Collision
4,44.53336515023944,Collision
5,44.53337028075103,Collision
6,44.533355003761464,Collision
7,44.53332245884163,Collision
8,44.53338451632969,Collision
9,44.533369541107206,Collision
10,44.53340539635617,Collision
