episode,total_reward,termination_reason
1,172.46081495317154,Off Road
2,172.46080926682026,Off Road
3,172.46082770264746,Off Road
4,172.46081391222015,Off Road
5,172.46078564465643,Off Road
6,172.46073726976664,Off Road
7,172.46084755177796,Off Road
8,172.46078808248996,Off Road
9,172.46076459678727,Off Road
10,172.46076773219028,Off Road
