episode,total_reward,termination_reason
1,55.21494024267531,Collision
2,55.21477738899256,Collision
3,55.214998613824335,Collision
4,55.214941609386386,Collision
5,55.21501516259125,Collision
6,55.21496355061561,Collision
7,55.21495943614403,Collision
8,55.21508091255586,Collision
9,55.214835922950854,Collision
10,55.21498737238807,Collision
