episode,total_reward,termination_reason
1,152.89824598185865,Off Road
2,152.89828883643722,Off Road
3,152.898286139935,Off Road
4,152.89826084003036,Off Road
5,152.89826809763088,Off Road
6,152.8982732404126,Off Road
7,152.8982524871355,Off Road
8,152.89825882491638,Off Road
9,152.8982658404219,Off Road
10,152.8982655933035,Off Road
