episode,total_reward,termination_reason
1,72.8142431437125,Collision
2,71.0627853969098,Collision
3,71.09222292271987,Collision
4,71.09038289911221,Collision
5,71.09253702368387,Collision
6,71.09257223224839,Collision
7,71.09245996449305,Collision
8,71.09229634901001,Collision
9,71.09258388794386,Collision
10,71.09227816637238,Collision
