episode,total_reward,termination_reason
1,57.03705384879114,Collision
2,57.056174459558584,Collision
3,57.05620654767932,Collision
4,57.056170906068594,Collision
5,57.056159409482774,Collision
6,57.056185625234264,Collision
7,57.05622718695999,Collision
8,57.05616352860433,Collision
9,57.056200653812034,Collision
10,57.0561475067463,Collision
