episode,total_reward,termination_reason
1,36.39830176967487,Collision
2,36.39841350997716,Collision
3,36.39835516742494,Collision
4,36.398415064830196,Collision
5,36.39833042840798,Collision
6,36.39832377473437,Collision
7,36.398354508023715,Collision
8,36.39837914289957,Collision
9,36.39831162391954,Collision
10,36.39829922620086,Collision
