episode,total_reward,termination_reason
1,36.73384318639002,Collision
2,36.73386902357515,Collision
3,36.73377539137268,Collision
4,36.73387110840689,Collision
5,36.72846029334684,Collision
6,36.72833999901379,Collision
7,36.7338503166747,Collision
8,36.72834905765427,Collision
9,36.73381169430129,Collision
10,36.73371936412119,Collision
