episode,total_reward,termination_reason
1,276.13398509971034,Off Road
2,276.1339358750155,Off Road
3,276.1340536951768,Off Road
4,276.1338978447091,Off Road
5,276.13392131448006,Off Road
6,276.1338585498607,Off Road
7,276.1339373071577,Off Road
8,276.1340593442976,Off Road
9,276.13402779959114,Off Road
10,276.13389762011093,Off Road
