episode,total_reward,termination_reason
1,110.89463983525528,Off Road
2,110.89457662446374,Off Road
3,110.8945931253519,Off Road
4,110.89457646000811,Off Road
5,110.89458660381463,Off Road
6,110.89456314229112,Off Road
7,110.89463874556007,Off Road
8,110.89454863132619,Off Road
9,110.8946213771084,Off Road
10,110.89453483042792,Off Road
