episode,total_reward,termination_reason
1,47.71912777714235,Collision
2,47.73071444281212,Collision
3,47.73066453322928,Collision
4,47.730701786661,Collision
5,47.73073729100423,Collision
6,47.73067433672455,Collision
7,47.73076424146489,Collision
8,47.73072579758167,Collision
9,47.73065442525525,Collision
10,47.73081065374949,Collision
