episode,total_reward,termination_reason
1,53.00608857583096,Collision
2,52.88922637519177,Collision
3,53.00535912569619,Collision
4,52.88934981828156,Collision
5,52.9247122660499,Collision
6,53.00530442633531,Collision
7,53.005364886343216,Collision
8,52.9246613902098,Collision
9,53.00535784503093,Collision
10,53.00527375153573,Collision
