episode,total_reward,termination_reason
1,37.15038846200269,Collision
2,37.15045202190834,Collision
3,37.134921589858095,Collision
4,37.134900592810794,Collision
5,37.134987729038656,Collision
6,37.134929142811394,Collision
7,37.134943804987486,Collision
8,37.1349005141489,Collision
9,37.135017257262035,Collision
10,37.13495933577904,Collision
