episode,total_reward,termination_reason
1,36.387287545077605,Collision
2,36.387196652441155,Collision
3,36.38692632070473,Collision
4,36.3869537116486,Collision
5,36.387142915970166,Collision
6,43.209532340938054,Collision
7,36.38683714889514,Collision
8,36.40809225045001,Collision
9,44.44005398536652,Collision
10,36.38690690743651,Collision
