episode,total_reward,termination_reason
1,115.78320867305882,Off Road
2,115.78320207613822,Off Road
3,115.78322092325323,Off Road
4,115.78321169412654,Off Road
5,115.78319385901632,Off Road
6,115.78320351356422,Off Road
7,115.7832165202491,Off Road
8,115.78318860649316,Off Road
9,115.78321692467935,Off Road
10,115.78316521559212,Off Road
