episode,total_reward,termination_reason
1,65.53844659811068,Collision
2,63.40820459435514,Off Road
3,65.53524581200945,Collision
4,63.408308819183844,Off Road
5,65.53521452730506,Collision
6,63.40830901411924,Off Road
7,65.53515911269616,Collision
8,63.40822821649458,Off Road
9,65.53532821230316,Collision
10,63.408260367413206,Off Road
