episode,total_reward,termination_reason
1,73.06937750050663,Off Road
2,71.2474615858937,Off Road
3,71.24734898785967,Off Road
4,71.24738347493359,Off Road
5,71.24747965838516,Off Road
6,71.24739730710586,Off Road
7,71.24741948863006,Off Road
8,71.24738158898084,Off Road
9,71.24732442263401,Off Road
10,71.24743161985661,Off Road
