episode,total_reward,termination_reason
1,41.0802875138864,Off Road
2,41.07533818322054,Off Road
3,41.075573651673636,Off Road
4,41.075448381148014,Off Road
5,41.076377513392494,Off Road
6,41.07564203493542,Off Road
7,41.075626232213125,Off Road
8,41.075607090448734,Off Road
9,41.07553321843841,Off Road
10,41.07543538726647,Off Road
