episode,total_reward,termination_reason
1,272.36133906821203,Off Road
2,269.900554237361,Off Road
3,269.90056748142536,Off Road
4,269.90055281200847,Off Road
5,272.3613391323054,Off Road
6,272.36147169309453,Off Road
7,272.3613096122485,Off Road
8,269.9005850350131,Off Road
9,269.90056914492646,Off Road
10,269.90053573982993,Off Road
