episode,total_reward,termination_reason
1,46.077271794677536,Off Road
2,46.077019556343664,Off Road
3,46.07687973612508,Off Road
4,46.07697499572494,Off Road
5,46.077082528313305,Off Road
6,46.076923941061075,Off Road
7,46.076932738565034,Off Road
8,46.08114250246878,Off Road
9,46.08106468695594,Off Road
10,46.08103986728287,Off Road
