episode,total_reward,termination_reason
1,146.75347846049925,Off Road
2,146.7534261135259,Off Road
3,146.75345992279182,Off Road
4,146.7534723703066,Off Road
5,146.7535199153823,Off Road
6,146.75351724386945,Off Road
7,146.7534724904493,Off Road
8,146.7534538528604,Off Road
9,146.7534455572195,Off Road
10,146.7534880888206,Off Road
