episode,total_reward,termination_reason
1,48.10766721162241,Collision
2,47.856782149056116,Collision
3,47.85708352007639,Collision
4,47.85691517293022,Collision
5,47.85683861803531,Collision
6,47.856910769535986,Collision
7,47.85692245743361,Collision
8,47.85435167395925,Collision
9,47.85438606850867,Collision
10,47.856837904682,Collision
