episode,total_reward,termination_reason
1,53.60375961064746,Collision
2,53.49846186364941,Collision
3,53.498172971217855,Collision
4,53.49838812656458,Collision
5,53.49808721117822,Collision
6,53.498270734189035,Collision
7,53.49822230738817,Collision
8,53.4985143954437,Collision
9,53.498315555489846,Collision
10,53.49848544384499,Collision
