episode,total_reward,termination_reason
1,37.858220356383725,Collision
2,37.85817116486318,Collision
3,37.85817609361418,Collision
4,37.858156093566066,Collision
5,37.85810091641514,Collision
6,37.858074129362386,Collision
7,37.858152779785016,Collision
8,37.85821406022285,Collision
9,37.858129585042725,Collision
10,37.85820417522853,Collision
