episode,total_reward,termination_reason
1,201.88345150810443,Off Road
2,201.8834536631754,Off Road
3,201.8834077866205,Off Road
4,201.88346176189393,Off Road
5,201.88346100456954,Off Road
6,201.88335588234702,Off Road
7,201.88349160315929,Off Road
8,201.88334415767272,Off Road
9,201.8834199411385,Off Road
10,201.88345815179179,Off Road
