episode,total_reward,termination_reason
1,36.93552584574367,Collision
2,36.935661060059275,Collision
3,36.93573863320844,Collision
4,36.93554952450326,Collision
5,36.935530081647514,Collision
6,36.93565469284266,Collision
7,36.93559395904437,Collision
8,36.93562441725581,Collision
9,36.935602287764965,Collision
10,36.93566562366979,Collision
