episode,total_reward,termination_reason
1,47.83949217557945,Collision
2,48.0681698060826,Collision
3,48.067947414252785,Collision
4,48.06759056454415,Collision
5,48.06784754416229,Collision
6,48.06759464059899,Collision
7,48.06752986044358,Collision
8,48.068089829125356,Collision
9,48.06749406547519,Collision
10,48.067603316199,Collision
