episode,total_reward,termination_reason
1,54.15528190917056,Collision
2,54.279131465091,Collision
3,54.27907363118441,Collision
4,54.27882872198291,Collision
5,54.278822700791615,Collision
6,54.27911244699384,Collision
7,54.27882210704782,Collision
8,54.278755651473816,Collision
9,54.278861155480925,Collision
10,54.278811840313956,Collision
