episode,total_reward,termination_reason
1,38.148639668462025,Collision
2,38.14863132357605,Collision
3,38.12513455945857,Collision
4,38.148530496622016,Collision
5,38.13022492678887,Collision
6,38.125359116518545,Collision
7,38.1253237451211,Collision
8,38.13008942181598,Collision
9,38.1253428664302,Collision
10,38.13008531078451,Collision
