episode,total_reward,termination_reason
1,261.18603646793315,Off Road
2,263.6836720222543,Off Road
3,261.1868764832424,Off Road
4,261.1856532894544,Off Road
5,261.18623016291093,Off Road
6,261.1831856252373,Off Road
7,263.68210090330655,Off Road
8,261.18713611631614,Off Road
9,263.681519394912,Off Road
10,263.6814640517422,Off Road
