episode,total_reward,termination_reason
1,37.03742589644557,Collision
2,37.03750365243258,Collision
3,37.037421811485494,Collision
4,37.03739480874514,Collision
5,37.404338603925794,Collision
6,37.03739726520815,Collision
7,37.03736643339834,Collision
8,37.03732657999824,Collision
9,37.03760814156493,Collision
10,37.404564189145624,Collision
