episode,total_reward,termination_reason
1,48.75170413629504,Collision
2,48.746188306667776,Collision
3,48.74627443995274,Collision
4,48.746313241815116,Collision
5,48.746338074781335,Collision
6,48.74626454552239,Collision
7,48.74618021707516,Collision
8,48.74629063064945,Collision
9,48.74631448342294,Collision
10,48.74618713147253,Collision
