episode,total_reward,termination_reason
1,67.8633218469105,Collision
2,67.85390825266457,Collision
3,67.85372417983542,Collision
4,67.85452846551236,Collision
5,67.85289848437147,Collision
6,67.85394997593853,Collision
7,67.85302376299934,Collision
8,67.85347915593752,Collision
9,67.85288887066065,Collision
10,67.85458063962352,Collision
