episode,total_reward,termination_reason
1,265.73124997469847,Off Road
2,265.7313230793788,Off Road
3,265.731270227815,Off Road
4,265.73126970027363,Off Road
5,265.73132807765666,Off Road
6,265.73127098969337,Off Road
7,265.73130460616795,Off Road
8,265.7312802709434,Off Road
9,265.7312672291805,Off Road
10,265.7312857842507,Off Road
