episode,total_reward,termination_reason
1,80.64893113224767,Collision
2,80.64951964820456,Collision
3,117.02780321531655,Collision
4,115.78029271280965,Collision
5,80.64973709574406,Collision
6,80.59744441886808,Collision
7,115.67024917903592,Collision
8,115.77963625866191,Collision
9,109.29860976545011,Collision
10,109.39588865060924,Collision
