episode,total_reward,termination_reason
1,39.31207522378572,Collision
2,39.31326574453704,Collision
3,39.31291199945782,Collision
4,39.31240252674173,Collision
5,39.54987043730341,Collision
6,39.55093308551977,Collision
7,39.54985405334581,Collision
8,39.3129900788524,Collision
9,39.31199126987324,Collision
10,39.55048506495392,Collision
