episode,total_reward,termination_reason
1,65.81362367033512,Collision
2,65.81337179253136,Collision
3,65.81570140122487,Collision
4,65.81570290535399,Collision
5,65.81576214226956,Collision
6,65.8156935137466,Collision
7,65.81570768050524,Collision
8,65.81584693511094,Collision
9,65.81572443523993,Collision
10,65.81577822800746,Collision
