episode,total_reward,termination_reason
1,87.248507265725,Off Road
2,89.20143342303876,Off Road
3,89.20125528685747,Off Road
4,89.20125507244134,Off Road
5,89.20136286751521,Off Road
6,89.20138876298337,Off Road
7,89.2013834091037,Off Road
8,89.20136695928488,Off Road
9,89.20145846104312,Off Road
10,89.20123859949916,Off Road
