episode,total_reward,termination_reason
1,268.85119190175755,Collision
2,268.85000104497726,Collision
3,268.8496443181946,Collision
4,268.84939771063785,Collision
5,268.84848529260614,Collision
6,268.85077718063025,Collision
7,268.8507558486383,Collision
8,268.84947938821375,Collision
9,268.84968942801737,Collision
10,268.84884735059956,Collision
