episode,total_reward,termination_reason
1,36.689774916980845,Collision
2,36.702550056426816,Collision
3,36.68966352047351,Collision
4,36.68972634035514,Collision
5,36.70185729826794,Collision
6,36.68978418780064,Collision
7,36.68946164004031,Collision
8,36.689164021437776,Collision
9,36.70305882710543,Collision
10,36.70210788441334,Collision
