episode,total_reward,termination_reason
1,37.31447264146191,Collision
2,37.314499699312655,Collision
3,37.31441263842926,Collision
4,37.31441701756478,Collision
5,37.31440545360808,Collision
6,37.31442931392318,Collision
7,37.31446447998736,Collision
8,37.31437753204994,Collision
9,37.31440508081419,Collision
10,37.31443688351865,Collision
