,timesteps,rewards,duration
0,4096,0.010579592787736236,0:00:28.824699
1,8192,0.01538667607124633,0:00:51.293504
2,12288,0.01794312098446471,0:01:29.038196
3,16384,0.02586069699525695,0:02:10.794456
4,20480,0.03333693670758145,0:03:01.757011
5,24576,0.036522535177326856,0:04:08.510714
6,28672,0.040734199083685974,0:05:24.781424
7,32768,0.04698263295467736,0:06:55.395253
8,36864,0.05759123391913401,0:08:04.825366
9,40960,0.06789761301015496,0:09:24.090392
10,45056,0.06603720379589006,0:10:38.847916
11,49152,0.08797395314002543,0:11:59.920245
12,53248,0.11176158583160745,0:13:26.797256
13,57344,0.11737460416004808,0:15:03.910990
14,61440,0.14504837268467696,0:16:33.174911
15,65536,0.14545056808255197,0:18:00.541931
16,69632,0.19173937971918065,0:19:27.798393
17,73728,0.2000004177375061,0:20:47.318520
18,77824,0.25462321805221677,0:21:48.240063
19,81920,0.26071833057823945,0:23:21.721791
20,86016,0.2695066224139282,0:25:01.776226
21,90112,0.2719497693191215,0:26:40.317859
22,94208,0.3494665910137513,0:28:19.029009
23,98304,0.38619899081788844,0:29:58.722005
24,102400,0.43109370242555656,0:31:32.196767
