episode,total_reward,termination_reason
1,118.17810340820935,Off Road
2,118.17806336501783,Off Road
3,118.17808615566398,Off Road
4,118.17811749259539,Off Road
5,118.17810586989056,Off Road
6,118.17807708137862,Off Road
7,118.17808625817555,Off Road
8,118.17808512907513,Off Road
9,118.17809032935173,Off Road
10,118.17812834992729,Off Road
