episode,total_reward,termination_reason
1,48.08082820073736,Collision
2,48.11937067601597,Collision
3,48.11923982750992,Collision
4,48.11939942151056,Collision
5,48.11952674098365,Collision
6,48.119382505921045,Collision
7,48.11954291289332,Collision
8,48.119453476707456,Collision
9,48.11921014454265,Collision
10,48.1192619370609,Collision
