episode,total_reward,termination_reason
1,55.08844131475804,Collision
2,55.04039780978766,Collision
3,55.0917893551722,Collision
4,55.01961767905422,Collision
5,55.019583812886026,Collision
6,55.09184754669061,Collision
7,55.091766332853325,Collision
8,55.091774168780525,Collision
9,55.091769189302,Collision
10,55.09179629142828,Collision
