episode,total_reward,termination_reason
1,38.06944368627198,Collision
2,38.06952563448631,Collision
3,38.06921057263114,Collision
4,38.06906930785654,Collision
5,38.069081427200516,Collision
6,38.06916346136421,Collision
7,38.06917544498707,Collision
8,38.069256444365145,Collision
9,38.06910964351231,Collision
10,38.06919723734023,Collision
