episode,total_reward,termination_reason
1,44.97891278306281,Collision
2,44.978914613387374,Collision
3,44.979049027106626,Collision
4,44.97340715302994,Collision
5,44.979079338175325,Collision
6,44.979021097128665,Collision
7,44.97900271034634,Collision
8,44.979061824320894,Collision
9,44.97898923439147,Collision
10,44.97902102197717,Collision
