episode,total_reward,termination_reason
1,122.39874505232993,Off Road
2,122.39874871510703,Off Road
3,122.3987428520236,Off Road
4,122.39872380489243,Off Road
5,122.39872518036117,Off Road
6,122.39874246594648,Off Road
7,122.39873923534552,Off Road
8,122.39873889852166,Off Road
9,122.39874495525979,Off Road
10,122.39872751733509,Off Road
