episode,total_reward,termination_reason
1,131.06970341292643,Off Road
2,131.06971185045694,Off Road
3,131.06979517094717,Off Road
4,131.06971214377148,Off Road
5,131.06972004886154,Off Road
6,131.06971954019792,Off Road
7,131.06975576629668,Off Road
8,131.06971228253653,Off Road
9,131.06973034324565,Off Road
10,131.06974941740316,Off Road
