episode,total_reward,termination_reason
1,47.49596528422029,Collision
2,47.500044079505855,Collision
3,47.500166443912285,Collision
4,47.50030196590107,Collision
5,47.500249986616986,Collision
6,47.49993361687561,Collision
7,47.50022608380909,Collision
8,47.50017669648808,Collision
9,47.50012681478089,Collision
10,47.50028798785251,Collision
