episode,total_reward,termination_reason
1,54.41979948870237,Collision
2,54.43411211209867,Collision
3,54.4338206312232,Collision
4,54.433971834139186,Collision
5,54.43405613219545,Collision
6,54.43413091276879,Collision
7,54.43407516449926,Collision
8,54.43393775547152,Collision
9,54.434081756795045,Collision
10,54.433954019759,Collision
