episode,total_reward,termination_reason
1,40.890348414400705,Collision
2,40.89031682277387,Collision
3,40.890410156814255,Collision
4,40.89047237374733,Collision
5,40.89055534016206,Collision
6,40.89040948489444,Collision
7,40.89056061712566,Collision
8,40.8902896466071,Collision
9,40.890457754602124,Collision
10,40.89055290970806,Collision
