episode,total_reward,termination_reason
1,36.53676495669952,Collision
2,36.53691413705584,Collision
3,36.53665562346683,Collision
4,36.53704512483912,Collision
5,36.537173797847196,Collision
6,36.5369982553227,Collision
7,36.53698463646417,Collision
8,36.53705062244051,Collision
9,36.53681162046708,Collision
10,36.53692456655225,Collision
