episode,total_reward,termination_reason
1,72.05450476332692,Off Road
2,72.05451551824895,Off Road
3,72.05451534305706,Off Road
4,72.05452348396922,Off Road
5,72.05452002369091,Off Road
6,72.05451141572348,Off Road
7,72.05451492208388,Off Road
8,72.0545085406701,Off Road
9,72.0545224337497,Off Road
10,72.05451782884113,Off Road
