,timesteps,rewards,duration
0,4096,0.008171975588528897,0:00:12.939317
1,8192,0.014051172085688401,0:00:29.217602
2,12288,0.01778331295705804,0:00:44.319735
3,16384,0.025933773594485787,0:00:59.438299
4,20480,0.031084354110181955,0:01:14.979586
5,24576,0.04390832572334724,0:01:30.149303
6,28672,0.05042627040837644,0:01:45.541412
7,32768,0.06904999231900089,0:02:01.080302
8,36864,0.0844516458139637,0:02:16.553389
9,40960,0.08865470887404925,0:02:32.052289
10,45056,0.09992291382364016,0:02:47.597569
11,49152,0.12444140275968252,0:03:03.158943
12,53248,0.148624740284248,0:03:18.760607
13,57344,0.181553133168336,0:03:34.387619
14,61440,0.18849536558458624,0:03:50.162233
15,65536,0.26989143364330914,0:04:08.766205
16,69632,0.22515636841625764,0:04:24.690969
17,73728,0.2769386473270856,0:04:40.584318
18,77824,0.3547636180701943,0:04:56.647412
19,81920,0.3642731964139898,0:05:12.745195
20,86016,0.45861518394826817,0:05:28.819129
21,90112,0.42412021317352,0:05:44.830120
22,94208,0.5275318769262753,0:06:00.792754
23,98304,0.5291493743952174,0:06:16.870936
24,102400,0.5537013263817983,0:06:32.881448
