episode,total_reward,termination_reason
1,66.0232301888636,Collision
2,66.02346734399617,Collision
3,66.0233609450337,Collision
4,66.02333189249129,Collision
5,66.02339385400742,Collision
6,66.02333736929289,Collision
7,66.02330927522162,Collision
8,66.02333289356538,Collision
9,66.02339408560678,Collision
10,66.02338682057272,Collision
