episode,total_reward,termination_reason
1,72.8423628685043,Off Road
2,73.2204133013362,Off Road
3,73.2202949436224,Off Road
4,73.22080080410467,Off Road
5,73.22083863816678,Off Road
6,73.22087558784455,Off Road
7,73.22078271489728,Off Road
8,73.22086864017788,Off Road
9,73.22070428709075,Off Road
10,73.22077578565782,Off Road
