episode,total_reward,termination_reason
1,38.551872789079205,Collision
2,38.55185269495654,Collision
3,38.55182482513501,Collision
4,38.551856663395064,Collision
5,38.551808252918796,Collision
6,38.55176804530114,Collision
7,38.551772692527145,Collision
8,38.55178027991123,Collision
9,38.55186095147075,Collision
10,38.55180089953216,Collision
