episode,total_reward,termination_reason
1,38.071613404974364,Collision
2,38.07153825989563,Collision
3,38.1449020771668,Collision
4,38.07164881686288,Collision
5,38.14484578324807,Collision
6,38.07162067643915,Collision
7,38.07152573045421,Collision
8,38.07158153852589,Collision
9,38.0715812824407,Collision
10,38.14484215592346,Collision
