episode,total_reward,termination_reason
1,272.6465511477384,Off Road
2,272.646997759969,Off Road
3,272.6466432375463,Off Road
4,272.6467534091473,Off Road
5,272.64690775278456,Off Road
6,272.6469701467961,Off Road
7,272.6470012693873,Off Road
8,272.64694182683445,Off Road
9,272.64668870807805,Off Road
10,272.6465968002311,Off Road
