episode,total_reward,termination_reason
1,151.0891259726788,Off Road
2,151.08908713698312,Off Road
3,151.08910653182616,Off Road
4,151.0890706882171,Off Road
5,151.0890731060734,Off Road
6,151.08904856138338,Off Road
7,151.08903182793915,Off Road
8,151.08911901170598,Off Road
9,151.08921460725531,Off Road
10,151.089108883018,Off Road
