episode,total_reward,termination_reason
1,50.837833081089975,Collision
2,52.62558617262787,Collision
3,52.62559944436265,Collision
4,52.625682788601395,Collision
5,52.625534251838964,Collision
6,52.62566808681497,Collision
7,52.62559356814161,Collision
8,52.62566414295403,Collision
9,52.625625138180496,Collision
10,52.62563216158038,Collision
