episode,total_reward,termination_reason
1,53.97385019929311,Collision
2,54.18740325946879,Collision
3,54.187357349822484,Collision
4,54.187361209594044,Collision
5,54.187419067993275,Collision
6,54.210318351306846,Collision
7,54.18735109297414,Collision
8,54.18743386937686,Collision
9,54.210286854323805,Collision
10,54.18736391576108,Collision
