episode,total_reward,termination_reason
1,273.57115017434285,Collision
2,273.57127856900297,Collision
3,273.57126486855964,Collision
4,273.5712525916851,Collision
5,273.5712544095222,Collision
6,273.57128113105404,Collision
7,273.5713028509051,Collision
8,273.5712538785974,Collision
9,273.57125582382696,Collision
10,273.5710553361465,Collision
