episode,total_reward,termination_reason
1,36.526844831436016,Collision
2,36.52706410981544,Collision
3,36.52692664147362,Collision
4,36.52705466709243,Collision
5,36.52695820066683,Collision
6,36.526724328532694,Collision
7,36.526886097893644,Collision
8,36.52688608871807,Collision
9,36.52674234336188,Collision
10,36.52679470010026,Collision
