episode,total_reward,termination_reason
1,37.593849770712495,Collision
2,37.59393845042674,Collision
3,37.59794172025719,Collision
4,37.59798299753811,Collision
5,37.597898446804436,Collision
6,37.597934699510006,Collision
7,37.5977478058797,Collision
8,37.598001197682066,Collision
9,37.59791633680831,Collision
10,37.5978635461652,Collision
