episode,total_reward,termination_reason
1,141.58219972614094,Off Road
2,141.58214557919675,Off Road
3,141.5821833479435,Off Road
4,141.58221841597756,Off Road
5,141.5822109545784,Off Road
6,141.58225686033148,Off Road
7,141.58221978630928,Off Road
8,141.5822142947764,Off Road
9,141.58213623687456,Off Road
10,141.58219670269082,Off Road
