episode,total_reward,termination_reason
1,50.8174279196159,Collision
2,56.18478860187169,Collision
3,56.184623742153605,Collision
4,56.18484199235316,Collision
5,56.184763437489046,Collision
6,56.18469319105796,Collision
7,56.1846991498012,Collision
8,56.18488599315751,Collision
9,56.184678845995535,Collision
10,56.18474645502289,Collision
