episode,total_reward,termination_reason
1,54.563782697349566,Collision
2,54.56458859946377,Collision
3,54.56452534861835,Collision
4,54.564578062905866,Collision
5,54.56458811112676,Collision
6,54.56455850087856,Collision
7,54.564651361355786,Collision
8,54.5645931496532,Collision
9,54.564492667589306,Collision
10,54.56462282897157,Collision
