episode,total_reward,termination_reason
1,36.031182956723335,Collision
2,36.03127466003857,Collision
3,36.031179019778996,Collision
4,36.030794480230476,Collision
5,36.03088230775818,Collision
6,36.030739237093385,Collision
7,36.03128250040177,Collision
8,36.03125349484503,Collision
9,36.031383304942395,Collision
10,36.03086689300029,Collision
