episode,total_reward,termination_reason
1,262.55301860756754,Off Road
2,262.5528248673484,Off Road
3,262.5530161524476,Off Road
4,262.5530948771942,Off Road
5,262.55288385179534,Off Road
6,262.55297916958057,Off Road
7,262.5530301725001,Off Road
8,262.5530054044163,Off Road
9,262.55295879405935,Off Road
10,262.5527269092561,Off Road
