episode,total_reward,termination_reason
1,36.691229494965,Collision
2,36.69126894154945,Collision
3,36.69108597737257,Collision
4,36.691165817246834,Collision
5,36.60842107023961,Collision
6,36.69098934425672,Collision
7,36.69125831892109,Collision
8,36.6084336000466,Collision
9,36.69121824812273,Collision
10,36.69116565828644,Collision
