,timesteps,rewards,duration
0,4096,0.010211041886807104,0:00:18.225993
1,8192,0.014738233289113084,0:00:41.303439
2,12288,0.01877507574770476,0:01:06.091613
3,16384,0.026640742867515887,0:01:32.670895
4,20480,0.032660094429539654,0:02:05.279099
5,24576,0.04122992078317278,0:02:42.081638
6,28672,0.057014565160008246,0:03:23.799775
7,32768,0.0634795228934899,0:04:11.106936
8,36864,0.07617962763878228,0:05:01.832867
9,40960,0.10034464011224475,0:05:55.819824
10,45056,0.10906310354838133,0:06:43.664275
11,49152,0.11683346093605707,0:07:34.805911
12,53248,0.15701955832477665,0:08:22.443320
13,57344,0.15854428024672984,0:09:16.477730
14,61440,0.19903647790337686,0:10:11.066937
15,65536,0.17579239197326046,0:11:06.989686
16,69632,0.21779447349257453,0:12:02.380473
17,73728,0.25890813729290585,0:12:54.420174
18,77824,0.22174830991960448,0:13:52.738656
19,81920,0.20685326380589686,0:14:50.604919
20,86016,0.268556568047984,0:15:44.294336
21,90112,0.27736614986969244,0:16:37.741713
22,94208,0.30194864518091435,0:17:36.642250
23,98304,0.3431996681979115,0:18:32.195051
24,102400,0.32487367786254495,0:19:28.758518
